date,ingredient,day_of_week,beginning_inventory,delivery,used,ending_inventory,sales
2026-07-13,Chicken,Monday,119.0,0.0,15.2,103.8,153
2026-07-14,Chicken,Tuesday,103.8,0.0,11.2,92.6,112
2026-07-15,Chicken,Wednesday,92.6,0.0,12.4,80.2,124
2026-07-16,Chicken,Thursday,80.2,41.5,13.5,108.2,143
2026-07-17,Chicken,Friday,108.2,0.0,18.1,90.1,173
2026-07-18,Chicken,Saturday,90.1,0.0,21.9,68.2,237
2026-07-19,Chicken,Sunday,68.2,0.0,15.6,52.6,169
2026-07-20,Chicken,Monday,52.6,60.2,10.4,102.4,106
2026-07-21,Chicken,Tuesday,102.4,0.0,13.1,89.3,121
2026-07-22,Chicken,Wednesday,89.3,0.0,12.8,76.5,129
2026-07-23,Chicken,Thursday,76.5,43.2,15.3,104.4,144
2026-07-24,Chicken,Friday,104.4,0.0,22.4,82.0,224
2026-07-25,Chicken,Saturday,82.0,0.0,21.3,60.7,207
2026-07-26,Chicken,Sunday,60.7,0.0,11.7,49.0,125
2026-07-27,Chicken,Monday,49.0,73.0,11.5,110.5,110
2026-07-28,Chicken,Tuesday,110.5,0.0,13.4,97.1,133
2026-07-29,Chicken,Wednesday,97.1,0.0,14.6,82.5,142
2026-07-30,Chicken,Thursday,82.5,37.0,11.9,107.6,124
2026-07-31,Chicken,Friday,107.6,0.0,21.6,86.0,202
2026-08-01,Chicken,Saturday,86.0,0.0,21.9,64.1,230
2026-08-02,Chicken,Sunday,64.1,0.0,12.8,51.3,131
2026-08-03,Chicken,Monday,51.3,69.8,9.9,111.2,97
2026-08-04,Chicken,Tuesday,111.2,0.0,12.2,99.0,127
2026-08-05,Chicken,Wednesday,99.0,0.0,15.4,83.6,168
2026-08-06,Chicken,Thursday,83.6,34.6,13.4,104.8,136
2026-08-07,Chicken,Friday,104.8,0.0,19.9,84.9,188
2026-08-08,Chicken,Saturday,84.9,0.0,22.1,62.8,236
2026-08-09,Chicken,Sunday,62.8,0.0,18.4,44.4,170
2026-08-10,Chicken,Monday,44.4,81.0,12.0,113.4,120
2026-08-11,Chicken,Tuesday,113.4,0.0,9.2,104.2,85
2026-08-12,Chicken,Wednesday,104.2,0.0,10.6,93.6,102
2026-08-13,Chicken,Thursday,93.6,23.9,12.1,105.4,119
2026-08-14,Chicken,Friday,105.4,0.0,23.1,82.3,245
2026-08-15,Chicken,Saturday,82.3,0.0,21.6,60.7,217
2026-08-16,Chicken,Sunday,60.7,0.0,19.0,41.7,205
2026-08-17,Chicken,Monday,41.7,82.6,12.3,112.0,130
2026-08-18,Chicken,Tuesday,112.0,0.0,11.4,100.6,113
2026-08-19,Chicken,Wednesday,100.6,0.0,13.6,87.0,144
2026-08-20,Chicken,Thursday,87.0,34.1,12.8,108.3,117
2026-08-21,Chicken,Friday,108.3,0.0,20.7,87.6,201
2026-08-22,Chicken,Saturday,87.6,0.0,21.6,66.0,220
2026-08-23,Chicken,Sunday,66.0,0.0,18.6,47.4,194
2026-08-24,Chicken,Monday,47.4,64.6,13.4,98.6,132
2026-08-25,Chicken,Tuesday,98.6,0.0,12.9,85.7,128
2026-08-26,Chicken,Wednesday,85.7,0.0,12.7,73.0,130
2026-08-27,Chicken,Thursday,73.0,50.9,12.9,111.0,140
2026-08-28,Chicken,Friday,111.0,0.0,18.8,92.2,194
2026-08-29,Chicken,Saturday,92.2,0.0,21.1,71.1,195
2026-08-30,Chicken,Sunday,71.1,0.0,16.9,54.2,158
2026-08-31,Chicken,Monday,54.2,71.0,10.4,114.8,111
2026-09-01,Chicken,Tuesday,114.8,0.0,12.0,102.8,127
2026-09-02,Chicken,Wednesday,102.8,0.0,11.8,91.0,129
2026-09-03,Chicken,Thursday,91.0,31.3,12.7,109.6,137
2026-09-04,Chicken,Friday,109.6,0.0,18.4,91.2,173
2026-09-05,Chicken,Saturday,91.2,0.0,27.0,64.2,289
2026-09-06,Chicken,Sunday,64.2,0.0,15.2,49.0,142
2026-09-07,Chicken,Monday,49.0,72.6,14.2,107.4,132
2026-09-08,Chicken,Tuesday,107.4,0.0,12.7,94.7,115
2026-09-09,Chicken,Wednesday,94.7,0.0,13.9,80.8,126
2026-09-10,Chicken,Thursday,80.8,34.5,13.0,102.3,126
2026-09-11,Chicken,Friday,102.3,0.0,19.7,82.6,205
2026-09-12,Chicken,Saturday,82.6,0.0,21.2,61.4,209
2026-09-13,Chicken,Sunday,61.4,0.0,15.3,46.1,156
2026-09-14,Chicken,Monday,46.1,82.8,11.3,117.6,124
2026-09-15,Chicken,Tuesday,117.6,0.0,14.1,103.5,151
2026-09-16,Chicken,Wednesday,103.5,0.0,12.2,91.3,125
2026-09-17,Chicken,Thursday,91.3,25.8,12.4,104.7,134
2026-09-18,Chicken,Friday,104.7,0.0,17.3,87.4,157
2026-09-19,Chicken,Saturday,87.4,0.0,21.0,66.4,204
2026-09-20,Chicken,Sunday,66.4,0.0,16.5,49.9,162
2026-09-21,Chicken,Monday,49.9,0.0,15.8,34.1,122
2026-09-22,Chicken,Tuesday,34.1,0.0,14.9,19.2,105
2026-09-23,Chicken,Wednesday,19.2,0.0,15.8,3.4,117
2026-07-13,Ground Beef,Monday,85.0,0.0,8.5,76.5,80
2026-07-14,Ground Beef,Tuesday,76.5,0.0,8.2,68.3,78
2026-07-15,Ground Beef,Wednesday,68.3,0.0,8.1,60.2,80
2026-07-16,Ground Beef,Thursday,60.2,28.0,10.0,78.2,98
2026-07-17,Ground Beef,Friday,78.2,0.0,11.0,67.2,113
2026-07-18,Ground Beef,Saturday,67.2,0.0,18.8,48.4,172
2026-07-19,Ground Beef,Sunday,48.4,0.0,12.3,36.1,129
2026-07-20,Ground Beef,Monday,36.1,47.5,9.1,74.5,94
2026-07-21,Ground Beef,Tuesday,74.5,0.0,9.1,65.4,95
2026-07-22,Ground Beef,Wednesday,65.4,0.0,8.0,57.4,88
2026-07-23,Ground Beef,Thursday,57.4,31.4,10.5,78.3,103
2026-07-24,Ground Beef,Friday,78.3,0.0,13.2,65.1,145
2026-07-25,Ground Beef,Saturday,65.1,0.0,16.2,48.9,172
2026-07-26,Ground Beef,Sunday,48.9,0.0,13.3,35.6,125
2026-07-27,Ground Beef,Monday,35.6,48.3,9.7,74.2,92
2026-07-28,Ground Beef,Tuesday,74.2,0.0,7.7,66.5,83
2026-07-29,Ground Beef,Wednesday,66.5,0.0,9.2,57.3,91
2026-07-30,Ground Beef,Thursday,57.3,29.7,8.9,78.1,95
2026-07-31,Ground Beef,Friday,78.1,0.0,13.8,64.3,142
2026-08-01,Ground Beef,Saturday,64.3,0.0,17.5,46.8,163
2026-08-02,Ground Beef,Sunday,46.8,0.0,10.6,36.2,113
2026-08-03,Ground Beef,Monday,36.2,50.2,7.2,79.2,74
2026-08-04,Ground Beef,Tuesday,79.2,0.0,9.2,70.0,88
2026-08-05,Ground Beef,Wednesday,70.0,0.0,8.7,61.3,94
2026-08-06,Ground Beef,Thursday,61.3,26.3,11.4,76.2,105
2026-08-07,Ground Beef,Friday,76.2,0.0,11.7,64.5,123
2026-08-08,Ground Beef,Saturday,64.5,0.0,18.0,46.5,182
2026-08-09,Ground Beef,Sunday,46.5,0.0,12.8,33.7,117
2026-08-10,Ground Beef,Monday,33.7,53.3,8.9,78.1,86
2026-08-11,Ground Beef,Tuesday,78.1,0.0,9.5,68.6,97
2026-08-12,Ground Beef,Wednesday,68.6,0.0,9.2,59.4,89
2026-08-13,Ground Beef,Thursday,59.4,28.6,8.3,79.7,80
2026-08-14,Ground Beef,Friday,79.7,0.0,11.7,68.0,126
2026-08-15,Ground Beef,Saturday,68.0,0.0,13.4,54.6,122
2026-08-16,Ground Beef,Sunday,54.6,0.0,13.1,41.5,124
2026-08-17,Ground Beef,Monday,41.5,40.9,8.9,73.5,85
2026-08-18,Ground Beef,Tuesday,73.5,0.0,8.9,64.6,96
2026-08-19,Ground Beef,Wednesday,64.6,0.0,9.5,55.1,88
2026-08-20,Ground Beef,Thursday,55.1,34.1,9.3,79.9,94
2026-08-21,Ground Beef,Friday,79.9,0.0,16.2,63.7,163
2026-08-22,Ground Beef,Saturday,63.7,0.0,14.4,49.3,132
2026-08-23,Ground Beef,Sunday,49.3,0.0,11.5,37.8,106
2026-08-24,Ground Beef,Monday,37.8,45.0,8.0,74.8,84
2026-08-25,Ground Beef,Tuesday,74.8,0.0,8.4,66.4,76
2026-08-26,Ground Beef,Wednesday,66.4,0.0,9.8,56.6,108
2026-08-27,Ground Beef,Thursday,56.6,29.4,9.8,76.2,106
2026-08-28,Ground Beef,Friday,76.2,0.0,13.1,63.1,139
2026-08-29,Ground Beef,Saturday,63.1,0.0,13.1,50.0,140
2026-08-30,Ground Beef,Sunday,50.0,0.0,13.7,36.3,147
2026-08-31,Ground Beef,Monday,36.3,45.0,9.4,71.9,90
2026-09-01,Ground Beef,Tuesday,71.9,0.0,9.2,62.7,92
2026-09-02,Ground Beef,Wednesday,62.7,0.0,10.4,52.3,99
2026-09-03,Ground Beef,Thursday,52.3,34.9,10.0,77.2,97
2026-09-04,Ground Beef,Friday,77.2,0.0,12.9,64.3,128
2026-09-05,Ground Beef,Saturday,64.3,0.0,17.1,47.2,157
2026-09-06,Ground Beef,Sunday,47.2,0.0,12.4,34.8,125
2026-09-07,Ground Beef,Monday,34.8,45.7,8.7,71.8,92
2026-09-08,Ground Beef,Tuesday,71.8,0.0,8.0,63.8,87
2026-09-09,Ground Beef,Wednesday,63.8,0.0,7.9,55.9,79
2026-09-10,Ground Beef,Thursday,55.9,27.0,11.5,71.4,123
2026-09-11,Ground Beef,Friday,71.4,0.0,15.4,56.0,167
2026-09-12,Ground Beef,Saturday,56.0,0.0,16.3,39.7,156
2026-09-13,Ground Beef,Sunday,39.7,0.0,9.9,29.8,104
2026-09-14,Ground Beef,Monday,29.8,60.6,9.0,81.4,94
2026-09-15,Ground Beef,Tuesday,81.4,0.0,8.0,73.4,74
2026-09-16,Ground Beef,Wednesday,73.4,0.0,8.5,64.9,90
2026-09-17,Ground Beef,Thursday,64.9,20.6,10.8,74.7,101
2026-09-18,Ground Beef,Friday,74.7,0.0,15.4,59.3,160
2026-09-19,Ground Beef,Saturday,59.3,0.0,17.2,42.1,188
2026-09-20,Ground Beef,Sunday,42.1,0.0,10.3,31.8,96
2026-09-21,Ground Beef,Monday,31.8,55.1,8.2,78.7,80
2026-09-22,Ground Beef,Tuesday,78.7,0.0,7.9,70.8,75
2026-09-23,Ground Beef,Wednesday,70.8,0.0,6.7,64.1,60
2026-07-13,Tomatoes,Monday,76.5,0.0,6.4,70.1,69
2026-07-14,Tomatoes,Tuesday,70.1,0.0,7.4,62.7,69
2026-07-15,Tomatoes,Wednesday,62.7,0.0,9.5,53.2,91
2026-07-16,Tomatoes,Thursday,53.2,23.7,10.4,66.5,114
2026-07-17,Tomatoes,Friday,66.5,0.0,14.5,52.0,155
2026-07-18,Tomatoes,Saturday,52.0,0.0,12.8,39.2,124
2026-07-19,Tomatoes,Sunday,39.2,0.0,12.6,26.6,124
2026-07-20,Tomatoes,Monday,26.6,53.8,8.1,72.3,77
2026-07-21,Tomatoes,Tuesday,72.3,0.0,7.7,64.6,73
2026-07-22,Tomatoes,Wednesday,64.6,0.0,8.9,55.7,88
2026-07-23,Tomatoes,Thursday,55.7,20.7,6.6,69.8,72
2026-07-24,Tomatoes,Friday,69.8,0.0,12.3,57.5,113
2026-07-25,Tomatoes,Saturday,57.5,0.0,13.3,44.2,135
2026-07-26,Tomatoes,Sunday,44.2,0.0,8.9,35.3,94
2026-07-27,Tomatoes,Monday,35.3,42.1,7.3,70.1,74
2026-07-28,Tomatoes,Tuesday,70.1,0.0,7.1,63.0,73
2026-07-29,Tomatoes,Wednesday,63.0,0.0,8.4,54.6,91
2026-07-30,Tomatoes,Thursday,54.6,24.7,8.1,71.2,88
2026-07-31,Tomatoes,Friday,71.2,0.0,11.2,60.0,111
2026-08-01,Tomatoes,Saturday,60.0,0.0,12.4,47.6,135
2026-08-02,Tomatoes,Sunday,47.6,0.0,8.3,39.3,81
2026-08-03,Tomatoes,Monday,39.3,41.9,9.2,72.0,98
2026-08-04,Tomatoes,Tuesday,72.0,0.0,7.3,64.7,71
2026-08-05,Tomatoes,Wednesday,64.7,0.0,7.5,57.2,71
2026-08-06,Tomatoes,Thursday,57.2,20.1,7.4,69.9,80
2026-08-07,Tomatoes,Friday,69.9,0.0,13.1,56.8,140
2026-08-08,Tomatoes,Saturday,56.8,0.0,14.2,42.6,140
2026-08-09,Tomatoes,Sunday,42.6,0.0,10.2,32.4,105
2026-08-10,Tomatoes,Monday,32.4,43.5,6.7,69.2,63
2026-08-11,Tomatoes,Tuesday,69.2,0.0,7.1,62.1,76
2026-08-12,Tomatoes,Wednesday,62.1,0.0,7.4,54.7,77
2026-08-13,Tomatoes,Thursday,54.7,22.5,10.8,66.4,109
2026-08-14,Tomatoes,Friday,66.4,0.0,12.3,54.1,135
2026-08-15,Tomatoes,Saturday,54.1,0.0,10.4,43.7,110
2026-08-16,Tomatoes,Sunday,43.7,0.0,10.2,33.5,102
2026-08-17,Tomatoes,Monday,33.5,42.6,8.2,67.9,75
2026-08-18,Tomatoes,Tuesday,67.9,0.0,7.0,60.9,66
2026-08-19,Tomatoes,Wednesday,60.9,0.0,7.9,53.0,84
2026-08-20,Tomatoes,Thursday,53.0,21.6,10.2,64.4,95
2026-08-21,Tomatoes,Friday,64.4,0.0,14.2,50.2,128
2026-08-22,Tomatoes,Saturday,50.2,0.0,13.3,36.9,145
2026-08-23,Tomatoes,Sunday,36.9,0.0,9.4,27.5,95
2026-08-24,Tomatoes,Monday,27.5,47.4,7.6,67.3,77
2026-08-25,Tomatoes,Tuesday,67.3,0.0,5.6,61.7,59
2026-08-26,Tomatoes,Wednesday,61.7,0.0,9.4,52.3,87
2026-08-27,Tomatoes,Thursday,52.3,25.4,9.1,68.6,100
2026-08-28,Tomatoes,Friday,68.6,0.0,12.6,56.0,129
2026-08-29,Tomatoes,Saturday,56.0,0.0,12.3,43.7,119
2026-08-30,Tomatoes,Sunday,43.7,0.0,10.3,33.4,103
2026-08-31,Tomatoes,Monday,33.4,48.5,8.6,73.3,78
2026-09-01,Tomatoes,Tuesday,73.3,0.0,7.4,65.9,74
2026-09-02,Tomatoes,Wednesday,65.9,0.0,5.8,60.1,53
2026-09-03,Tomatoes,Thursday,60.1,18.7,7.8,71.0,85
2026-09-04,Tomatoes,Friday,71.0,0.0,10.5,60.5,107
2026-09-05,Tomatoes,Saturday,60.5,0.0,12.9,47.6,132
2026-09-06,Tomatoes,Sunday,47.6,0.0,10.0,37.6,96
2026-09-07,Tomatoes,Monday,37.6,41.0,8.1,70.5,84
2026-09-08,Tomatoes,Tuesday,70.5,0.0,8.1,62.4,88
2026-09-09,Tomatoes,Wednesday,62.4,0.0,10.5,51.9,99
2026-09-10,Tomatoes,Thursday,51.9,23.6,8.0,67.5,80
2026-09-11,Tomatoes,Friday,67.5,0.0,14.6,52.9,139
2026-09-12,Tomatoes,Saturday,52.9,0.0,13.2,39.7,142
2026-09-13,Tomatoes,Sunday,39.7,0.0,11.6,28.1,125
2026-09-14,Tomatoes,Monday,28.1,44.5,9.4,63.2,88
2026-09-15,Tomatoes,Tuesday,63.2,0.0,7.3,55.9,71
2026-09-16,Tomatoes,Wednesday,55.9,0.0,7.5,48.4,81
2026-09-17,Tomatoes,Thursday,48.4,27.2,7.9,67.7,71
2026-09-18,Tomatoes,Friday,67.7,0.0,12.3,55.4,111
2026-09-19,Tomatoes,Saturday,55.4,0.0,15.2,40.2,144
2026-09-20,Tomatoes,Sunday,40.2,0.0,6.9,33.3,67
2026-09-21,Tomatoes,Monday,33.3,0.0,10.1,23.2,78
2026-09-22,Tomatoes,Tuesday,23.2,0.0,9.6,13.6,70
2026-09-23,Tomatoes,Wednesday,13.6,0.0,10.1,3.5,68
2026-07-13,Cheese,Monday,51.0,0.0,4.8,46.2,46
2026-07-14,Cheese,Tuesday,46.2,0.0,5.0,41.2,47
2026-07-15,Cheese,Wednesday,41.2,0.0,5.7,35.5,59
2026-07-16,Cheese,Thursday,35.5,14.5,6.4,43.6,68
2026-07-17,Cheese,Friday,43.6,0.0,8.8,34.8,94
2026-07-18,Cheese,Saturday,34.8,0.0,9.1,25.7,93
2026-07-19,Cheese,Sunday,25.7,0.0,5.4,20.3,51
2026-07-20,Cheese,Monday,20.3,34.2,5.7,48.8,56
2026-07-21,Cheese,Tuesday,48.8,0.0,5.5,43.3,55
2026-07-22,Cheese,Wednesday,43.3,0.0,5.0,38.3,52
2026-07-23,Cheese,Thursday,38.3,14.5,5.3,47.5,49
2026-07-24,Cheese,Friday,47.5,0.0,9.8,37.7,93
2026-07-25,Cheese,Saturday,37.7,0.0,9.2,28.5,92
2026-07-26,Cheese,Sunday,28.5,0.0,7.9,20.6,74
2026-07-27,Cheese,Monday,20.6,27.5,5.4,42.7,54
2026-07-28,Cheese,Tuesday,42.7,0.0,4.3,38.4,45
2026-07-29,Cheese,Wednesday,38.4,0.0,4.8,33.6,50
2026-07-30,Cheese,Thursday,33.6,19.1,6.1,46.6,66
2026-07-31,Cheese,Friday,46.6,0.0,7.6,39.0,68
2026-08-01,Cheese,Saturday,39.0,0.0,10.6,28.4,116
2026-08-02,Cheese,Sunday,28.4,0.0,8.3,20.1,85
2026-08-03,Cheese,Monday,20.1,29.8,5.5,44.4,59
2026-08-04,Cheese,Tuesday,44.4,0.0,4.8,39.6,44
2026-08-05,Cheese,Wednesday,39.6,0.0,6.2,33.4,58
2026-08-06,Cheese,Thursday,33.4,18.7,5.2,46.9,54
2026-08-07,Cheese,Friday,46.9,0.0,9.0,37.9,88
2026-08-08,Cheese,Saturday,37.9,0.0,10.0,27.9,93
2026-08-09,Cheese,Sunday,27.9,0.0,6.3,21.6,57
2026-08-10,Cheese,Monday,21.6,31.7,4.5,48.8,41
2026-08-11,Cheese,Tuesday,48.8,0.0,4.7,44.1,46
2026-08-12,Cheese,Wednesday,44.1,0.0,5.9,38.2,63
2026-08-13,Cheese,Thursday,38.2,13.0,5.0,46.2,54
2026-08-14,Cheese,Friday,46.2,0.0,9.1,37.1,82
2026-08-15,Cheese,Saturday,37.1,0.0,9.6,27.5,90
2026-08-16,Cheese,Sunday,27.5,0.0,7.0,20.5,74
2026-08-17,Cheese,Monday,20.5,31.8,5.3,47.0,50
2026-08-18,Cheese,Tuesday,47.0,0.0,4.6,42.4,50
2026-08-19,Cheese,Wednesday,42.4,0.0,4.8,37.6,45
2026-08-20,Cheese,Thursday,37.6,12.3,6.4,43.5,65
2026-08-21,Cheese,Friday,43.5,0.0,8.6,34.9,91
2026-08-22,Cheese,Saturday,34.9,0.0,8.1,26.8,87
2026-08-23,Cheese,Sunday,26.8,0.0,6.6,20.2,65
2026-08-24,Cheese,Monday,20.2,30.7,4.9,46.0,48
2026-08-25,Cheese,Tuesday,46.0,0.0,6.1,39.9,59
2026-08-26,Cheese,Wednesday,39.9,0.0,5.2,34.7,50
2026-08-27,Cheese,Thursday,34.7,17.2,5.2,46.7,51
2026-08-28,Cheese,Friday,46.7,0.0,8.1,38.6,88
2026-08-29,Cheese,Saturday,38.6,0.0,9.0,29.6,85
2026-08-30,Cheese,Sunday,29.6,0.0,7.4,22.2,78
2026-08-31,Cheese,Monday,22.2,30.5,5.3,47.4,52
2026-09-01,Cheese,Tuesday,47.4,0.0,5.1,42.3,54
2026-09-02,Cheese,Wednesday,42.3,0.0,5.6,36.7,58
2026-09-03,Cheese,Thursday,36.7,16.1,6.1,46.7,58
2026-09-04,Cheese,Friday,46.7,0.0,7.9,38.8,85
2026-09-05,Cheese,Saturday,38.8,0.0,9.4,29.4,87
2026-09-06,Cheese,Sunday,29.4,0.0,7.3,22.1,78
2026-09-07,Cheese,Monday,22.1,28.8,7.3,43.6,68
2026-09-08,Cheese,Tuesday,43.6,0.0,4.8,38.8,46
2026-09-09,Cheese,Wednesday,38.8,0.0,5.3,33.5,54
2026-09-10,Cheese,Thursday,33.5,19.4,4.7,48.2,44
2026-09-11,Cheese,Friday,48.2,0.0,8.7,39.5,84
2026-09-12,Cheese,Saturday,39.5,0.0,9.2,30.3,93
2026-09-13,Cheese,Sunday,30.3,0.0,7.1,23.2,73
2026-09-14,Cheese,Monday,23.2,28.8,5.0,47.0,51
2026-09-15,Cheese,Tuesday,47.0,0.0,4.4,42.6,41
2026-09-16,Cheese,Wednesday,42.6,0.0,6.1,36.5,57
2026-09-17,Cheese,Thursday,36.5,14.7,5.5,45.7,55
2026-09-18,Cheese,Friday,45.7,0.0,10.0,35.7,106
2026-09-19,Cheese,Saturday,35.7,0.0,10.4,25.3,108
2026-09-20,Cheese,Sunday,25.3,0.0,7.1,18.2,69
2026-09-21,Cheese,Monday,18.2,36.3,5.5,49.0,55
2026-09-22,Cheese,Tuesday,49.0,0.0,4.6,44.4,48
2026-09-23,Cheese,Wednesday,44.4,0.0,5.0,39.4,51
2026-07-13,Potatoes,Monday,153.0,0.0,16.5,136.5,161
2026-07-14,Potatoes,Tuesday,136.5,0.0,14.0,122.5,142
2026-07-15,Potatoes,Wednesday,122.5,0.0,14.3,108.2,130
2026-07-16,Potatoes,Thursday,108.2,46.8,18.9,136.1,201
2026-07-17,Potatoes,Friday,136.1,0.0,23.5,112.6,239
2026-07-18,Potatoes,Saturday,112.6,0.0,32.9,79.7,343
2026-07-19,Potatoes,Sunday,79.7,0.0,20.6,59.1,221
2026-07-20,Potatoes,Monday,59.1,92.0,18.3,132.8,173
2026-07-21,Potatoes,Tuesday,132.8,0.0,17.2,115.6,185
2026-07-22,Potatoes,Wednesday,115.6,0.0,14.4,101.2,143
2026-07-23,Potatoes,Thursday,101.2,53.2,16.3,138.1,161
2026-07-24,Potatoes,Friday,138.1,0.0,26.5,111.6,261
2026-07-25,Potatoes,Saturday,111.6,0.0,30.4,81.2,314
2026-07-26,Potatoes,Sunday,81.2,0.0,17.8,63.4,183
2026-07-27,Potatoes,Monday,63.4,99.7,15.6,147.5,158
2026-07-28,Potatoes,Tuesday,147.5,0.0,18.3,129.2,197
2026-07-29,Potatoes,Wednesday,129.2,0.0,19.4,109.8,182
2026-07-30,Potatoes,Thursday,109.8,39.8,16.4,133.2,178
2026-07-31,Potatoes,Friday,133.2,0.0,23.8,109.4,244
2026-08-01,Potatoes,Saturday,109.4,0.0,28.3,81.1,308
2026-08-02,Potatoes,Sunday,81.1,0.0,20.5,60.6,194
2026-08-03,Potatoes,Monday,60.6,84.7,17.6,127.7,168
2026-08-04,Potatoes,Tuesday,127.7,0.0,16.6,111.1,149
2026-08-05,Potatoes,Wednesday,111.1,0.0,16.7,94.4,178
2026-08-06,Potatoes,Thursday,94.4,54.6,19.7,129.3,179
2026-08-07,Potatoes,Friday,129.3,0.0,28.4,100.9,297
2026-08-08,Potatoes,Saturday,100.9,0.0,24.2,76.7,235
2026-08-09,Potatoes,Sunday,76.7,0.0,24.3,52.4,220
2026-08-10,Potatoes,Monday,52.4,95.5,18.5,129.4,191
2026-08-11,Potatoes,Tuesday,129.4,0.0,15.0,114.4,142
2026-08-12,Potatoes,Wednesday,114.4,0.0,18.1,96.3,178
2026-08-13,Potatoes,Thursday,96.3,63.7,17.4,142.6,177
2026-08-14,Potatoes,Friday,142.6,0.0,22.1,120.5,199
2026-08-15,Potatoes,Saturday,120.5,0.0,25.7,94.8,261
2026-08-16,Potatoes,Sunday,94.8,0.0,19.5,75.3,194
2026-08-17,Potatoes,Monday,75.3,89.0,17.3,147.0,169
2026-08-18,Potatoes,Tuesday,147.0,0.0,19.5,127.5,178
2026-08-19,Potatoes,Wednesday,127.5,0.0,16.0,111.5,161
2026-08-20,Potatoes,Thursday,111.5,37.9,16.3,133.1,148
2026-08-21,Potatoes,Friday,133.1,0.0,27.5,105.6,256
2026-08-22,Potatoes,Saturday,105.6,0.0,31.2,74.4,309
2026-08-23,Potatoes,Sunday,74.4,0.0,19.2,55.2,193
2026-08-24,Potatoes,Monday,55.2,101.6,14.0,142.8,147
2026-08-25,Potatoes,Tuesday,142.8,0.0,13.4,129.4,125
2026-08-26,Potatoes,Wednesday,129.4,0.0,20.0,109.4,218
2026-08-27,Potatoes,Thursday,109.4,42.2,16.1,135.5,158
2026-08-28,Potatoes,Friday,135.5,0.0,21.9,113.6,224
2026-08-29,Potatoes,Saturday,113.6,0.0,29.5,84.1,323
2026-08-30,Potatoes,Sunday,84.1,0.0,20.3,63.8,187
2026-08-31,Potatoes,Monday,63.8,91.8,12.8,142.8,140
2026-09-01,Potatoes,Tuesday,142.8,0.0,12.6,130.2,121
2026-09-02,Potatoes,Wednesday,130.2,0.0,16.6,113.6,170
2026-09-03,Potatoes,Thursday,113.6,40.3,17.7,136.2,188
2026-09-04,Potatoes,Friday,136.2,0.0,28.6,107.6,263
2026-09-05,Potatoes,Saturday,107.6,0.0,28.6,79.0,276
2026-09-06,Potatoes,Sunday,79.0,0.0,22.3,56.7,235
2026-09-07,Potatoes,Monday,56.7,92.9,14.9,134.7,154
2026-09-08,Potatoes,Tuesday,134.7,0.0,14.5,120.2,133
2026-09-09,Potatoes,Wednesday,120.2,0.0,13.2,107.0,133
2026-09-10,Potatoes,Thursday,107.0,43.0,17.4,132.6,184
2026-09-11,Potatoes,Friday,132.6,0.0,24.5,108.1,238
2026-09-12,Potatoes,Saturday,108.1,0.0,30.6,77.5,312
2026-09-13,Potatoes,Sunday,77.5,0.0,23.2,54.3,246
2026-09-14,Potatoes,Monday,54.3,99.7,17.3,136.7,184
2026-09-15,Potatoes,Tuesday,136.7,0.0,12.8,123.9,123
2026-09-16,Potatoes,Wednesday,123.9,0.0,16.6,107.3,169
2026-09-17,Potatoes,Thursday,107.3,49.3,21.0,135.6,198
2026-09-18,Potatoes,Friday,135.6,0.0,25.9,109.7,254
2026-09-19,Potatoes,Saturday,109.7,0.0,28.0,81.7,265
2026-09-20,Potatoes,Sunday,81.7,0.0,24.4,57.3,265
2026-09-21,Potatoes,Monday,57.3,98.4,12.6,143.1,121
2026-09-22,Potatoes,Tuesday,143.1,0.0,14.4,128.7,137
2026-09-23,Potatoes,Wednesday,128.7,0.0,18.3,110.4,180
2026-07-13,Lettuce,Monday,59.5,0.0,6.8,52.7,68
2026-07-14,Lettuce,Tuesday,52.7,0.0,5.0,47.7,47
2026-07-15,Lettuce,Wednesday,47.7,0.0,4.8,42.9,51
2026-07-16,Lettuce,Thursday,42.9,15.9,7.9,50.9,74
2026-07-17,Lettuce,Friday,50.9,0.0,10.8,40.1,110
2026-07-18,Lettuce,Saturday,40.1,0.0,11.0,29.1,111
2026-07-19,Lettuce,Sunday,29.1,0.0,8.3,20.8,79
2026-07-20,Lettuce,Monday,20.8,38.5,6.1,53.2,63
2026-07-21,Lettuce,Tuesday,53.2,0.0,7.1,46.1,71
2026-07-22,Lettuce,Wednesday,46.1,0.0,6.0,40.1,65
2026-07-23,Lettuce,Thursday,40.1,21.3,5.9,55.5,59
2026-07-24,Lettuce,Friday,55.5,0.0,8.7,46.8,85
2026-07-25,Lettuce,Saturday,46.8,0.0,11.7,35.1,126
2026-07-26,Lettuce,Sunday,35.1,0.0,8.5,26.6,83
2026-07-27,Lettuce,Monday,26.6,30.4,6.9,50.1,66
2026-07-28,Lettuce,Tuesday,50.1,0.0,5.6,44.5,59
2026-07-29,Lettuce,Wednesday,44.5,0.0,7.5,37.0,71
2026-07-30,Lettuce,Thursday,37.0,24.3,7.2,54.1,68
2026-07-31,Lettuce,Friday,54.1,0.0,10.1,44.0,95
2026-08-01,Lettuce,Saturday,44.0,0.0,11.1,32.9,117
2026-08-02,Lettuce,Sunday,32.9,0.0,9.7,23.2,93
2026-08-03,Lettuce,Monday,23.2,41.7,6.9,58.0,64
2026-08-04,Lettuce,Tuesday,58.0,0.0,5.7,52.3,60
2026-08-05,Lettuce,Wednesday,52.3,0.0,6.2,46.1,63
2026-08-06,Lettuce,Thursday,46.1,13.0,7.0,52.1,68
2026-08-07,Lettuce,Friday,52.1,0.0,10.0,42.1,90
2026-08-08,Lettuce,Saturday,42.1,0.0,10.7,31.4,115
2026-08-09,Lettuce,Sunday,31.4,0.0,9.7,21.7,88
2026-08-10,Lettuce,Monday,21.7,34.8,7.3,49.2,73
2026-08-11,Lettuce,Tuesday,49.2,0.0,6.8,42.4,65
2026-08-12,Lettuce,Wednesday,42.4,0.0,6.0,36.4,59
2026-08-13,Lettuce,Thursday,36.4,26.3,7.0,55.7,67
2026-08-14,Lettuce,Friday,55.7,0.0,8.6,47.1,91
2026-08-15,Lettuce,Saturday,47.1,0.0,9.8,37.3,104
2026-08-16,Lettuce,Sunday,37.3,0.0,8.1,29.2,87
2026-08-17,Lettuce,Monday,29.2,34.5,6.4,57.3,69
2026-08-18,Lettuce,Tuesday,57.3,0.0,4.8,52.5,46
2026-08-19,Lettuce,Wednesday,52.5,0.0,6.4,46.1,65
2026-08-20,Lettuce,Thursday,46.1,12.9,6.6,52.4,67
2026-08-21,Lettuce,Friday,52.4,0.0,10.8,41.6,101
2026-08-22,Lettuce,Saturday,41.6,0.0,10.6,31.0,98
2026-08-23,Lettuce,Sunday,31.0,0.0,8.5,22.5,79
2026-08-24,Lettuce,Monday,22.5,34.1,5.8,50.8,59
2026-08-25,Lettuce,Tuesday,50.8,0.0,6.5,44.3,64
2026-08-26,Lettuce,Wednesday,44.3,0.0,6.9,37.4,75
2026-08-27,Lettuce,Thursday,37.4,21.9,6.8,52.5,69
2026-08-28,Lettuce,Friday,52.5,0.0,8.4,44.1,79
2026-08-29,Lettuce,Saturday,44.1,0.0,11.2,32.9,121
2026-08-30,Lettuce,Sunday,32.9,0.0,6.2,26.7,60
2026-08-31,Lettuce,Monday,26.7,30.1,7.0,49.8,63
2026-09-01,Lettuce,Tuesday,49.8,0.0,4.5,45.3,46
2026-09-02,Lettuce,Wednesday,45.3,0.0,5.8,39.5,56
2026-09-03,Lettuce,Thursday,39.5,21.5,6.8,54.2,72
2026-09-04,Lettuce,Friday,54.2,0.0,8.0,46.2,85
2026-09-05,Lettuce,Saturday,46.2,0.0,11.2,35.0,105
2026-09-06,Lettuce,Sunday,35.0,0.0,7.5,27.5,82
2026-09-07,Lettuce,Monday,27.5,35.0,6.6,55.9,66
2026-09-08,Lettuce,Tuesday,55.9,0.0,7.3,48.6,75
2026-09-09,Lettuce,Wednesday,48.6,0.0,5.0,43.6,51
2026-09-10,Lettuce,Thursday,43.6,16.0,6.5,53.1,68
2026-09-11,Lettuce,Friday,53.1,0.0,10.1,43.0,100
2026-09-12,Lettuce,Saturday,43.0,0.0,11.2,31.8,108
2026-09-13,Lettuce,Sunday,31.8,0.0,8.5,23.3,92
2026-09-14,Lettuce,Monday,23.3,38.4,7.3,54.4,78
2026-09-15,Lettuce,Tuesday,54.4,0.0,4.3,50.1,41
2026-09-16,Lettuce,Wednesday,50.1,0.0,6.5,43.6,63
2026-09-17,Lettuce,Thursday,43.6,15.6,7.9,51.3,87
2026-09-18,Lettuce,Friday,51.3,0.0,9.9,41.4,96
2026-09-19,Lettuce,Saturday,41.4,0.0,12.1,29.3,132
2026-09-20,Lettuce,Sunday,29.3,0.0,10.6,18.7,96
2026-09-21,Lettuce,Monday,18.7,38.6,6.0,51.3,55
2026-09-22,Lettuce,Tuesday,51.3,0.0,5.4,45.9,50
2026-09-23,Lettuce,Wednesday,45.9,0.0,5.9,40.0,55
2026-07-13,Onions,Monday,68.0,0.0,6.4,61.6,63
2026-07-14,Onions,Tuesday,61.6,0.0,6.5,55.1,60
2026-07-15,Onions,Wednesday,55.1,0.0,8.2,46.9,80
2026-07-16,Onions,Thursday,46.9,19.0,8.6,57.3,89
2026-07-17,Onions,Friday,57.3,0.0,11.8,45.5,123
2026-07-18,Onions,Saturday,45.5,0.0,13.3,32.2,136
2026-07-19,Onions,Sunday,32.2,0.0,7.9,24.3,72
2026-07-20,Onions,Monday,24.3,48.3,6.6,66.0,67
2026-07-21,Onions,Tuesday,66.0,0.0,6.3,59.7,60
2026-07-22,Onions,Wednesday,59.7,0.0,6.9,52.8,73
2026-07-23,Onions,Thursday,52.8,16.3,6.5,62.6,66
2026-07-24,Onions,Friday,62.6,0.0,9.7,52.9,96
2026-07-25,Onions,Saturday,52.9,0.0,12.2,40.7,120
2026-07-26,Onions,Sunday,40.7,0.0,8.6,32.1,79
2026-07-27,Onions,Monday,32.1,34.9,7.9,59.1,85
2026-07-28,Onions,Tuesday,59.1,0.0,7.4,51.7,75
2026-07-29,Onions,Wednesday,51.7,0.0,7.7,44.0,80
2026-07-30,Onions,Thursday,44.0,25.9,6.8,63.1,74
2026-07-31,Onions,Friday,63.1,0.0,11.0,52.1,109
2026-08-01,Onions,Saturday,52.1,0.0,14.0,38.1,127
2026-08-02,Onions,Sunday,38.1,0.0,7.8,30.3,72
2026-08-03,Onions,Monday,30.3,41.6,6.9,65.0,62
2026-08-04,Onions,Tuesday,65.0,0.0,7.1,57.9,72
2026-08-05,Onions,Wednesday,57.9,0.0,6.5,51.4,64
2026-08-06,Onions,Thursday,51.4,15.8,7.4,59.8,74
2026-08-07,Onions,Friday,59.8,0.0,12.1,47.7,111
2026-08-08,Onions,Saturday,47.7,0.0,13.4,34.3,142
2026-08-09,Onions,Sunday,34.3,0.0,9.4,24.9,101
2026-08-10,Onions,Monday,24.9,48.5,7.1,66.3,76
2026-08-11,Onions,Tuesday,66.3,0.0,6.2,60.1,63
2026-08-12,Onions,Wednesday,60.1,0.0,6.1,54.0,58
2026-08-13,Onions,Thursday,54.0,12.8,8.8,58.0,95
2026-08-14,Onions,Friday,58.0,0.0,10.4,47.6,107
2026-08-15,Onions,Saturday,47.6,0.0,12.9,34.7,134
2026-08-16,Onions,Sunday,34.7,0.0,10.4,24.3,108
2026-08-17,Onions,Monday,24.3,47.7,8.1,63.9,79
2026-08-18,Onions,Tuesday,63.9,0.0,6.8,57.1,65
2026-08-19,Onions,Wednesday,57.1,0.0,7.7,49.4,85
2026-08-20,Onions,Thursday,49.4,20.0,7.6,61.8,81
2026-08-21,Onions,Friday,61.8,0.0,8.9,52.9,86
2026-08-22,Onions,Saturday,52.9,0.0,12.9,40.0,131
2026-08-23,Onions,Sunday,40.0,0.0,8.7,31.3,91
2026-08-24,Onions,Monday,31.3,40.1,7.9,63.5,85
2026-08-25,Onions,Tuesday,63.5,0.0,6.3,57.2,66
2026-08-26,Onions,Wednesday,57.2,0.0,7.7,49.5,83
2026-08-27,Onions,Thursday,49.5,17.7,9.8,57.4,101
2026-08-28,Onions,Friday,57.4,0.0,12.1,45.3,112
2026-08-29,Onions,Saturday,45.3,0.0,13.9,31.4,134
2026-08-30,Onions,Sunday,31.4,0.0,9.1,22.3,97
2026-08-31,Onions,Monday,22.3,51.0,6.2,67.1,62
2026-09-01,Onions,Tuesday,67.1,0.0,6.7,60.4,61
2026-09-02,Onions,Wednesday,60.4,0.0,7.0,53.4,65
2026-09-03,Onions,Thursday,53.4,15.7,8.2,60.9,81
2026-09-04,Onions,Friday,60.9,0.0,10.7,50.2,115
2026-09-05,Onions,Saturday,50.2,0.0,12.3,37.9,126
2026-09-06,Onions,Sunday,37.9,0.0,8.8,29.1,88
2026-09-07,Onions,Monday,29.1,38.6,8.4,59.3,86
2026-09-08,Onions,Tuesday,59.3,0.0,8.1,51.2,74
2026-09-09,Onions,Wednesday,51.2,0.0,8.0,43.2,82
2026-09-10,Onions,Thursday,43.2,25.6,6.6,62.2,60
2026-09-11,Onions,Friday,62.2,0.0,11.9,50.3,112
2026-09-12,Onions,Saturday,50.3,0.0,12.0,38.3,113
2026-09-13,Onions,Sunday,38.3,0.0,10.2,28.1,103
2026-09-14,Onions,Monday,28.1,44.5,6.4,66.2,59
2026-09-15,Onions,Tuesday,66.2,0.0,7.1,59.1,72
2026-09-16,Onions,Wednesday,59.1,0.0,6.7,52.4,63
2026-09-17,Onions,Thursday,52.4,14.1,8.8,57.7,96
2026-09-18,Onions,Friday,57.7,0.0,10.0,47.7,91
2026-09-19,Onions,Saturday,47.7,0.0,13.5,34.2,125
2026-09-20,Onions,Sunday,34.2,0.0,8.1,26.1,89
2026-09-21,Onions,Monday,26.1,39.4,6.6,58.9,67
2026-09-22,Onions,Tuesday,58.9,0.0,6.7,52.2,72
2026-09-23,Onions,Wednesday,52.2,0.0,6.7,45.5,68
2026-07-13,Rice,Monday,93.5,0.0,8.1,85.4,85
2026-07-14,Rice,Tuesday,85.4,0.0,8.1,77.3,87
2026-07-15,Rice,Wednesday,77.3,0.0,8.2,69.1,89
2026-07-16,Rice,Thursday,69.1,27.5,11.5,85.1,116
2026-07-17,Rice,Friday,85.1,0.0,14.6,70.5,152
2026-07-18,Rice,Saturday,70.5,0.0,19.2,51.3,195
2026-07-19,Rice,Sunday,51.3,0.0,15.3,36.0,143
2026-07-20,Rice,Monday,36.0,60.5,10.0,86.5,93
2026-07-21,Rice,Tuesday,86.5,0.0,10.7,75.8,110
2026-07-22,Rice,Wednesday,75.8,0.0,10.8,65.0,98
2026-07-23,Rice,Thursday,65.0,26.5,10.0,81.5,94
2026-07-24,Rice,Friday,81.5,0.0,17.2,64.3,155
2026-07-25,Rice,Saturday,64.3,0.0,17.0,47.3,172
2026-07-26,Rice,Sunday,47.3,0.0,12.5,34.8,120
2026-07-27,Rice,Monday,34.8,55.2,9.4,80.6,94
2026-07-28,Rice,Tuesday,80.6,0.0,8.0,72.6,82
2026-07-29,Rice,Wednesday,72.6,0.0,8.9,63.7,84
2026-07-30,Rice,Thursday,63.7,28.9,9.7,82.9,100
2026-07-31,Rice,Friday,82.9,0.0,16.8,66.1,152
2026-08-01,Rice,Saturday,66.1,0.0,12.7,53.4,118
2026-08-02,Rice,Sunday,53.4,0.0,14.1,39.3,153
2026-08-03,Rice,Monday,39.3,58.2,8.3,89.2,89
2026-08-04,Rice,Tuesday,89.2,0.0,8.3,80.9,78
2026-08-05,Rice,Wednesday,80.9,0.0,11.3,69.6,112
2026-08-06,Rice,Thursday,69.6,26.5,7.8,88.3,77
2026-08-07,Rice,Friday,88.3,0.0,15.7,72.6,144
2026-08-08,Rice,Saturday,72.6,0.0,21.0,51.6,210
2026-08-09,Rice,Sunday,51.6,0.0,12.8,38.8,125
2026-08-10,Rice,Monday,38.8,49.6,11.3,77.1,118
2026-08-11,Rice,Tuesday,77.1,0.0,7.5,69.6,73
2026-08-12,Rice,Wednesday,69.6,0.0,8.7,60.9,86
2026-08-13,Rice,Thursday,60.9,33.1,9.3,84.7,85
2026-08-14,Rice,Friday,84.7,0.0,13.6,71.1,129
2026-08-15,Rice,Saturday,71.1,0.0,19.7,51.4,194
2026-08-16,Rice,Sunday,51.4,0.0,12.4,39.0,125
2026-08-17,Rice,Monday,39.0,58.8,10.0,87.8,102
2026-08-18,Rice,Tuesday,87.8,0.0,9.4,78.4,96
2026-08-19,Rice,Wednesday,78.4,0.0,9.5,68.9,87
2026-08-20,Rice,Thursday,68.9,22.7,10.6,81.0,108
2026-08-21,Rice,Friday,81.0,0.0,14.6,66.4,156
2026-08-22,Rice,Saturday,66.4,0.0,17.8,48.6,176
2026-08-23,Rice,Sunday,48.6,0.0,11.5,37.1,123
2026-08-24,Rice,Monday,37.1,51.9,10.0,79.0,94
2026-08-25,Rice,Tuesday,79.0,0.0,9.1,69.9,92
2026-08-26,Rice,Wednesday,69.9,0.0,6.0,63.9,65
2026-08-27,Rice,Thursday,63.9,29.8,11.1,82.6,118
2026-08-28,Rice,Friday,82.6,0.0,15.1,67.5,156
2026-08-29,Rice,Saturday,67.5,0.0,18.3,49.2,193
2026-08-30,Rice,Sunday,49.2,0.0,13.1,36.1,121
2026-08-31,Rice,Monday,36.1,62.8,11.7,87.2,127
2026-09-01,Rice,Tuesday,87.2,0.0,9.6,77.6,94
2026-09-02,Rice,Wednesday,77.6,0.0,11.0,66.6,100
2026-09-03,Rice,Thursday,66.6,26.6,9.3,83.9,95
2026-09-04,Rice,Friday,83.9,0.0,14.7,69.2,137
2026-09-05,Rice,Saturday,69.2,0.0,16.0,53.2,173
2026-09-06,Rice,Sunday,53.2,0.0,13.6,39.6,137
2026-09-07,Rice,Monday,39.6,61.7,11.4,89.9,108
2026-09-08,Rice,Tuesday,89.9,0.0,8.8,81.1,90
2026-09-09,Rice,Wednesday,81.1,0.0,10.2,70.9,96
2026-09-10,Rice,Thursday,70.9,24.1,12.5,82.5,137
2026-09-11,Rice,Friday,82.5,0.0,17.6,64.9,166
2026-09-12,Rice,Saturday,64.9,0.0,17.5,47.4,187
2026-09-13,Rice,Sunday,47.4,0.0,11.2,36.2,107
2026-09-14,Rice,Monday,36.2,61.5,10.9,86.8,101
2026-09-15,Rice,Tuesday,86.8,0.0,10.9,75.9,113
2026-09-16,Rice,Wednesday,75.9,0.0,9.7,66.2,106
2026-09-17,Rice,Thursday,66.2,31.1,11.2,86.1,108
2026-09-18,Rice,Friday,86.1,0.0,16.0,70.1,175
2026-09-19,Rice,Saturday,70.1,0.0,16.5,53.6,176
2026-09-20,Rice,Sunday,53.6,0.0,12.3,41.3,125
2026-09-21,Rice,Monday,41.3,51.8,8.7,84.4,85
2026-09-22,Rice,Tuesday,84.4,0.0,8.6,75.8,87
2026-09-23,Rice,Wednesday,75.8,0.0,7.8,68.0,85
2026-07-13,Shrimp,Monday,42.5,0.0,4.4,38.1,47
2026-07-14,Shrimp,Tuesday,38.1,0.0,3.9,34.2,36
2026-07-15,Shrimp,Wednesday,34.2,0.0,4.2,30.0,46
2026-07-16,Shrimp,Thursday,30.0,12.1,5.2,36.9,53
2026-07-17,Shrimp,Friday,36.9,0.0,8.0,28.9,75
2026-07-18,Shrimp,Saturday,28.9,0.0,5.0,23.9,49
2026-07-19,Shrimp,Sunday,23.9,0.0,6.3,17.6,62
2026-07-20,Shrimp,Monday,17.6,26.1,3.7,40.0,37
2026-07-21,Shrimp,Tuesday,40.0,0.0,5.5,34.5,56
2026-07-22,Shrimp,Wednesday,34.5,0.0,5.4,29.1,55
2026-07-23,Shrimp,Thursday,29.1,13.9,4.1,38.9,39
2026-07-24,Shrimp,Friday,38.9,0.0,6.6,32.3,68
2026-07-25,Shrimp,Saturday,32.3,0.0,8.2,24.1,87
2026-07-26,Shrimp,Sunday,24.1,0.0,5.9,18.2,56
2026-07-27,Shrimp,Monday,18.2,22.5,3.9,36.8,43
2026-07-28,Shrimp,Tuesday,36.8,0.0,4.3,32.5,42
2026-07-29,Shrimp,Wednesday,32.5,0.0,4.5,28.0,47
2026-07-30,Shrimp,Thursday,28.0,14.7,4.6,38.1,43
2026-07-31,Shrimp,Friday,38.1,0.0,6.4,31.7,67
2026-08-01,Shrimp,Saturday,31.7,0.0,8.0,23.7,87
2026-08-02,Shrimp,Sunday,23.7,0.0,5.8,17.9,62
2026-08-03,Shrimp,Monday,17.9,26.1,4.2,39.8,39
2026-08-04,Shrimp,Tuesday,39.8,0.0,4.2,35.6,38
2026-08-05,Shrimp,Wednesday,35.6,0.0,4.1,31.5,44
2026-08-06,Shrimp,Thursday,31.5,12.0,3.8,39.7,36
2026-08-07,Shrimp,Friday,39.7,0.0,7.1,32.6,71
2026-08-08,Shrimp,Saturday,32.6,0.0,7.1,25.5,75
2026-08-09,Shrimp,Sunday,25.5,0.0,5.8,19.7,60
2026-08-10,Shrimp,Monday,19.7,22.3,4.3,37.7,47
2026-08-11,Shrimp,Tuesday,37.7,0.0,3.6,34.1,37
2026-08-12,Shrimp,Wednesday,34.1,0.0,4.1,30.0,44
2026-08-13,Shrimp,Thursday,30.0,12.3,5.6,36.7,60
2026-08-14,Shrimp,Friday,36.7,0.0,7.1,29.6,66
2026-08-15,Shrimp,Saturday,29.6,0.0,9.8,19.8,100
2026-08-16,Shrimp,Sunday,19.8,0.0,6.8,13.0,62
2026-08-17,Shrimp,Monday,13.0,28.4,5.0,36.4,51
2026-08-18,Shrimp,Tuesday,36.4,0.0,4.0,32.4,43
2026-08-19,Shrimp,Wednesday,32.4,0.0,4.8,27.6,53
2026-08-20,Shrimp,Thursday,27.6,14.9,5.1,37.4,47
2026-08-21,Shrimp,Friday,37.4,0.0,6.6,30.8,62
2026-08-22,Shrimp,Saturday,30.8,0.0,7.6,23.2,74
2026-08-23,Shrimp,Sunday,23.2,0.0,7.0,16.2,75
2026-08-24,Shrimp,Monday,16.2,25.7,4.5,37.4,46
2026-08-25,Shrimp,Tuesday,37.4,0.0,4.5,32.9,44
2026-08-26,Shrimp,Wednesday,32.9,0.0,4.3,28.6,40
2026-08-27,Shrimp,Thursday,28.6,12.6,5.4,35.8,50
2026-08-28,Shrimp,Friday,35.8,0.0,7.7,28.1,84
2026-08-29,Shrimp,Saturday,28.1,0.0,9.7,18.4,99
2026-08-30,Shrimp,Sunday,18.4,0.0,5.2,13.2,50
2026-08-31,Shrimp,Monday,13.2,30.9,4.8,39.3,51
2026-09-01,Shrimp,Tuesday,39.3,0.0,4.1,35.2,39
2026-09-02,Shrimp,Wednesday,35.2,0.0,3.6,31.6,34
2026-09-03,Shrimp,Thursday,31.6,12.5,5.5,38.6,56
2026-09-04,Shrimp,Friday,38.6,0.0,7.1,31.5,64
2026-09-05,Shrimp,Saturday,31.5,0.0,8.9,22.6,97
2026-09-06,Shrimp,Sunday,22.6,0.0,4.9,17.7,46
2026-09-07,Shrimp,Monday,17.7,26.5,5.1,39.1,53
2026-09-08,Shrimp,Tuesday,39.1,0.0,4.4,34.7,47
2026-09-09,Shrimp,Wednesday,34.7,0.0,4.2,30.5,41
2026-09-10,Shrimp,Thursday,30.5,13.7,5.9,38.3,56
2026-09-11,Shrimp,Friday,38.3,0.0,6.2,32.1,60
2026-09-12,Shrimp,Saturday,32.1,0.0,7.7,24.4,78
2026-09-13,Shrimp,Sunday,24.4,0.0,5.5,18.9,56
2026-09-14,Shrimp,Monday,18.9,23.5,3.8,38.6,40
2026-09-15,Shrimp,Tuesday,38.6,0.0,3.2,35.4,33
2026-09-16,Shrimp,Wednesday,35.4,0.0,4.6,30.8,46
2026-09-17,Shrimp,Thursday,30.8,13.4,4.3,39.9,40
2026-09-18,Shrimp,Friday,39.9,0.0,6.9,33.0,67
2026-09-19,Shrimp,Saturday,33.0,0.0,8.7,24.3,84
2026-09-20,Shrimp,Sunday,24.3,0.0,5.8,18.5,54
2026-09-21,Shrimp,Monday,18.5,0.0,5.6,12.9,51
2026-09-22,Shrimp,Tuesday,12.9,0.0,5.3,7.6,41
2026-09-23,Shrimp,Wednesday,7.6,0.0,5.6,2.0,47
2026-07-13,Bacon,Monday,51.0,0.0,5.6,45.4,57
2026-07-14,Bacon,Tuesday,45.4,0.0,4.9,40.5,51
2026-07-15,Bacon,Wednesday,40.5,0.0,5.3,35.2,52
2026-07-16,Bacon,Thursday,35.2,14.3,5.0,44.5,46
2026-07-17,Bacon,Friday,44.5,0.0,8.6,35.9,88
2026-07-18,Bacon,Saturday,35.9,0.0,9.2,26.7,94
2026-07-19,Bacon,Sunday,26.7,0.0,6.3,20.4,60
2026-07-20,Bacon,Monday,20.4,33.5,3.8,50.1,37
2026-07-21,Bacon,Tuesday,50.1,0.0,4.6,45.5,44
2026-07-22,Bacon,Wednesday,45.5,0.0,6.2,39.3,60
2026-07-23,Bacon,Thursday,39.3,12.7,7.1,44.9,75
2026-07-24,Bacon,Friday,44.9,0.0,6.4,38.5,59
2026-07-25,Bacon,Saturday,38.5,0.0,9.3,29.2,100
2026-07-26,Bacon,Sunday,29.2,0.0,7.8,21.4,82
2026-07-27,Bacon,Monday,21.4,32.9,4.5,49.8,47
2026-07-28,Bacon,Tuesday,49.8,0.0,5.7,44.1,51
2026-07-29,Bacon,Wednesday,44.1,0.0,6.4,37.7,64
2026-07-30,Bacon,Thursday,37.7,12.8,5.3,45.2,52
2026-07-31,Bacon,Friday,45.2,0.0,9.5,35.7,96
2026-08-01,Bacon,Saturday,35.7,0.0,8.5,27.2,81
2026-08-02,Bacon,Sunday,27.2,0.0,7.5,19.7,70
2026-08-03,Bacon,Monday,19.7,31.2,5.7,45.2,62
2026-08-04,Bacon,Tuesday,45.2,0.0,5.0,40.2,47
2026-08-05,Bacon,Wednesday,40.2,0.0,5.4,34.8,50
2026-08-06,Bacon,Thursday,34.8,15.0,4.8,45.0,50
2026-08-07,Bacon,Friday,45.0,0.0,9.7,35.3,92
2026-08-08,Bacon,Saturday,35.3,0.0,8.4,26.9,81
2026-08-09,Bacon,Sunday,26.9,0.0,7.1,19.8,66
2026-08-10,Bacon,Monday,19.8,31.4,6.0,45.2,55
2026-08-11,Bacon,Tuesday,45.2,0.0,5.2,40.0,48
2026-08-12,Bacon,Wednesday,40.0,0.0,4.9,35.1,46
2026-08-13,Bacon,Thursday,35.1,15.6,5.1,45.6,50
2026-08-14,Bacon,Friday,45.6,0.0,8.2,37.4,77
2026-08-15,Bacon,Saturday,37.4,0.0,9.4,28.0,93
2026-08-16,Bacon,Sunday,28.0,0.0,7.3,20.7,77
2026-08-17,Bacon,Monday,20.7,34.0,5.8,48.9,58
2026-08-18,Bacon,Tuesday,48.9,0.0,5.7,43.2,53
2026-08-19,Bacon,Wednesday,43.2,0.0,4.8,38.4,51
2026-08-20,Bacon,Thursday,38.4,12.1,7.6,42.9,79
2026-08-21,Bacon,Friday,42.9,0.0,7.7,35.2,82
2026-08-22,Bacon,Saturday,35.2,0.0,9.3,25.9,99
2026-08-23,Bacon,Sunday,25.9,0.0,7.6,18.3,82
2026-08-24,Bacon,Monday,18.3,34.2,4.8,47.7,47
2026-08-25,Bacon,Tuesday,47.7,0.0,4.5,43.2,46
2026-08-26,Bacon,Wednesday,43.2,0.0,6.4,36.8,66
2026-08-27,Bacon,Thursday,36.8,14.6,6.7,44.7,68
2026-08-28,Bacon,Friday,44.7,0.0,7.1,37.6,68
2026-08-29,Bacon,Saturday,37.6,0.0,8.9,28.7,89
2026-08-30,Bacon,Sunday,28.7,0.0,7.3,21.4,73
2026-08-31,Bacon,Monday,21.4,32.9,4.9,49.4,51
2026-09-01,Bacon,Tuesday,49.4,0.0,5.2,44.2,56
2026-09-02,Bacon,Wednesday,44.2,0.0,5.4,38.8,57
2026-09-03,Bacon,Thursday,38.8,12.1,7.4,43.5,73
2026-09-04,Bacon,Friday,43.5,0.0,7.0,36.5,76
2026-09-05,Bacon,Saturday,36.5,0.0,8.3,28.2,83
2026-09-06,Bacon,Sunday,28.2,0.0,4.9,23.3,47
2026-09-07,Bacon,Monday,23.3,26.5,5.5,44.3,60
2026-09-08,Bacon,Tuesday,44.3,0.0,5.0,39.3,51
2026-09-09,Bacon,Wednesday,39.3,0.0,6.5,32.8,69
2026-09-10,Bacon,Thursday,32.8,18.6,5.0,46.4,50
2026-09-11,Bacon,Friday,46.4,0.0,7.5,38.9,80
2026-09-12,Bacon,Saturday,38.9,0.0,9.9,29.0,93
2026-09-13,Bacon,Sunday,29.0,0.0,8.5,20.5,92
2026-09-14,Bacon,Monday,20.5,33.2,5.5,48.2,59
2026-09-15,Bacon,Tuesday,48.2,0.0,5.8,42.4,56
2026-09-16,Bacon,Wednesday,42.4,0.0,5.7,36.7,54
2026-09-17,Bacon,Thursday,36.7,13.4,6.1,44.0,66
2026-09-18,Bacon,Friday,44.0,0.0,10.3,33.7,107
2026-09-19,Bacon,Saturday,33.7,0.0,10.8,22.9,111
2026-09-20,Bacon,Sunday,22.9,0.0,8.6,14.3,88
2026-09-21,Bacon,Monday,14.3,33.9,6.2,42.0,58
2026-09-22,Bacon,Tuesday,42.0,0.0,5.3,36.7,53
2026-09-23,Bacon,Wednesday,36.7,0.0,5.3,31.4,54
2026-07-13,Mozzarella,Monday,59.5,0.0,5.8,53.7,61
2026-07-14,Mozzarella,Tuesday,53.7,0.0,5.3,48.4,49
2026-07-15,Mozzarella,Wednesday,48.4,0.0,6.2,42.2,67
2026-07-16,Mozzarella,Thursday,42.2,19.2,7.7,53.7,84
2026-07-17,Mozzarella,Friday,53.7,0.0,7.8,45.9,78
2026-07-18,Mozzarella,Saturday,45.9,0.0,11.6,34.3,125
2026-07-19,Mozzarella,Sunday,34.3,0.0,7.9,26.4,79
2026-07-20,Mozzarella,Monday,26.4,36.4,6.7,56.1,66
2026-07-21,Mozzarella,Tuesday,56.1,0.0,5.4,50.7,54
2026-07-22,Mozzarella,Wednesday,50.7,0.0,5.6,45.1,53
2026-07-23,Mozzarella,Thursday,45.1,16.3,7.6,53.8,80
2026-07-24,Mozzarella,Friday,53.8,0.0,11.2,42.6,111
2026-07-25,Mozzarella,Saturday,42.6,0.0,10.4,32.2,112
2026-07-26,Mozzarella,Sunday,32.2,0.0,7.4,24.8,76
2026-07-27,Mozzarella,Monday,24.8,37.9,6.3,56.4,67
2026-07-28,Mozzarella,Tuesday,56.4,0.0,5.2,51.2,56
2026-07-29,Mozzarella,Wednesday,51.2,0.0,6.3,44.9,65
2026-07-30,Mozzarella,Thursday,44.9,13.4,7.7,50.6,79
2026-07-31,Mozzarella,Friday,50.6,0.0,8.1,42.5,77
2026-08-01,Mozzarella,Saturday,42.5,0.0,11.3,31.2,118
2026-08-02,Mozzarella,Sunday,31.2,0.0,7.4,23.8,72
2026-08-03,Mozzarella,Monday,23.8,38.9,5.4,57.3,51
2026-08-04,Mozzarella,Tuesday,57.3,0.0,5.9,51.4,60
2026-08-05,Mozzarella,Wednesday,51.4,0.0,6.3,45.1,63
2026-08-06,Mozzarella,Thursday,45.1,14.9,5.8,54.2,53
2026-08-07,Mozzarella,Friday,54.2,0.0,8.4,45.8,81
2026-08-08,Mozzarella,Saturday,45.8,0.0,9.8,36.0,98
2026-08-09,Mozzarella,Sunday,36.0,0.0,7.8,28.2,75
2026-08-10,Mozzarella,Monday,28.2,34.4,7.2,55.4,72
2026-08-11,Mozzarella,Tuesday,55.4,0.0,5.0,50.4,45
2026-08-12,Mozzarella,Wednesday,50.4,0.0,6.9,43.5,63
2026-08-13,Mozzarella,Thursday,43.5,15.8,7.2,52.1,65
2026-08-14,Mozzarella,Friday,52.1,0.0,8.7,43.4,95
2026-08-15,Mozzarella,Saturday,43.4,0.0,11.4,32.0,112
2026-08-16,Mozzarella,Sunday,32.0,0.0,6.6,25.4,64
2026-08-17,Mozzarella,Monday,25.4,30.8,7.1,49.1,76
2026-08-18,Mozzarella,Tuesday,49.1,0.0,5.3,43.8,52
2026-08-19,Mozzarella,Wednesday,43.8,0.0,5.7,38.1,53
2026-08-20,Mozzarella,Thursday,38.1,24.5,6.1,56.5,66
2026-08-21,Mozzarella,Friday,56.5,0.0,8.7,47.8,83
2026-08-22,Mozzarella,Saturday,47.8,0.0,12.6,35.2,119
2026-08-23,Mozzarella,Sunday,35.2,0.0,8.2,27.0,76
2026-08-24,Mozzarella,Monday,27.0,37.2,6.7,57.5,62
2026-08-25,Mozzarella,Tuesday,57.5,0.0,6.8,50.7,63
2026-08-26,Mozzarella,Wednesday,50.7,0.0,6.2,44.5,56
2026-08-27,Mozzarella,Thursday,44.5,15.8,6.7,53.6,61
2026-08-28,Mozzarella,Friday,53.6,0.0,10.9,42.7,100
2026-08-29,Mozzarella,Saturday,42.7,0.0,7.3,35.4,76
2026-08-30,Mozzarella,Sunday,35.4,0.0,5.8,29.6,64
2026-08-31,Mozzarella,Monday,29.6,33.3,6.5,56.4,71
2026-09-01,Mozzarella,Tuesday,56.4,0.0,4.8,51.6,43
2026-09-02,Mozzarella,Wednesday,51.6,0.0,5.6,46.0,51
2026-09-03,Mozzarella,Thursday,46.0,13.7,7.1,52.6,66
2026-09-04,Mozzarella,Friday,52.6,0.0,10.4,42.2,113
2026-09-05,Mozzarella,Saturday,42.2,0.0,11.3,30.9,115
2026-09-06,Mozzarella,Sunday,30.9,0.0,7.7,23.2,81
2026-09-07,Mozzarella,Monday,23.2,37.7,6.9,54.0,68
2026-09-08,Mozzarella,Tuesday,54.0,0.0,6.8,47.2,72
2026-09-09,Mozzarella,Wednesday,47.2,0.0,6.0,41.2,63
2026-09-10,Mozzarella,Thursday,41.2,20.5,6.4,55.3,66
2026-09-11,Mozzarella,Friday,55.3,0.0,9.8,45.5,96
2026-09-12,Mozzarella,Saturday,45.5,0.0,11.9,33.6,115
2026-09-13,Mozzarella,Sunday,33.6,0.0,6.9,26.7,64
2026-09-14,Mozzarella,Monday,26.7,37.6,6.6,57.7,66
2026-09-15,Mozzarella,Tuesday,57.7,0.0,4.6,53.1,42
2026-09-16,Mozzarella,Wednesday,53.1,0.0,6.4,46.7,58
2026-09-17,Mozzarella,Thursday,46.7,14.0,7.1,53.6,77
2026-09-18,Mozzarella,Friday,53.6,0.0,9.4,44.2,103
2026-09-19,Mozzarella,Saturday,44.2,0.0,9.7,34.5,105
2026-09-20,Mozzarella,Sunday,34.5,0.0,9.0,25.5,90
2026-09-21,Mozzarella,Monday,25.5,33.2,4.8,53.9,49
2026-09-22,Mozzarella,Tuesday,53.9,0.0,4.8,49.1,45
2026-09-23,Mozzarella,Wednesday,49.1,0.0,6.8,42.3,71
2026-07-13,Flour,Monday,102.0,0.0,11.2,90.8,101
2026-07-14,Flour,Tuesday,90.8,0.0,13.8,77.0,145
2026-07-15,Flour,Wednesday,77.0,0.0,12.3,64.7,132
2026-07-16,Flour,Thursday,64.7,34.4,11.0,88.1,118
2026-07-17,Flour,Friday,88.1,0.0,17.3,70.8,186
2026-07-18,Flour,Saturday,70.8,0.0,17.6,53.2,162
2026-07-19,Flour,Sunday,53.2,0.0,13.5,39.7,125
2026-07-20,Flour,Monday,39.7,63.3,10.6,92.4,113
2026-07-21,Flour,Tuesday,92.4,0.0,11.2,81.2,106
2026-07-22,Flour,Wednesday,81.2,0.0,14.0,67.2,138
2026-07-23,Flour,Thursday,67.2,32.4,13.5,86.1,133
2026-07-24,Flour,Friday,86.1,0.0,16.1,70.0,158
2026-07-25,Flour,Saturday,70.0,0.0,17.6,52.4,165
2026-07-26,Flour,Sunday,52.4,0.0,12.6,39.8,138
2026-07-27,Flour,Monday,39.8,63.9,10.2,93.5,106
2026-07-28,Flour,Tuesday,93.5,0.0,9.7,83.8,99
2026-07-29,Flour,Wednesday,83.8,0.0,11.9,71.9,114
2026-07-30,Flour,Thursday,71.9,32.7,10.9,93.7,109
2026-07-31,Flour,Friday,93.7,0.0,15.2,78.5,160
2026-08-01,Flour,Saturday,78.5,0.0,17.1,61.4,174
2026-08-02,Flour,Sunday,61.4,0.0,12.7,48.7,121
2026-08-03,Flour,Monday,48.7,51.7,10.0,90.4,105
2026-08-04,Flour,Tuesday,90.4,0.0,11.9,78.5,112
2026-08-05,Flour,Wednesday,78.5,0.0,9.9,68.6,91
2026-08-06,Flour,Thursday,68.6,35.3,14.2,89.7,145
2026-08-07,Flour,Friday,89.7,0.0,16.6,73.1,165
2026-08-08,Flour,Saturday,73.1,0.0,17.1,56.0,178
2026-08-09,Flour,Sunday,56.0,0.0,14.2,41.8,156
2026-08-10,Flour,Monday,41.8,54.4,9.0,87.2,94
2026-08-11,Flour,Tuesday,87.2,0.0,9.9,77.3,95
2026-08-12,Flour,Wednesday,77.3,0.0,8.0,69.3,79
2026-08-13,Flour,Thursday,69.3,36.6,13.2,92.7,143
2026-08-14,Flour,Friday,92.7,0.0,16.8,75.9,184
2026-08-15,Flour,Saturday,75.9,0.0,22.3,53.6,240
2026-08-16,Flour,Sunday,53.6,0.0,13.0,40.6,120
2026-08-17,Flour,Monday,40.6,58.3,11.5,87.4,118
2026-08-18,Flour,Tuesday,87.4,0.0,12.2,75.2,127
2026-08-19,Flour,Wednesday,75.2,0.0,10.5,64.7,111
2026-08-20,Flour,Thursday,64.7,35.0,12.9,86.8,132
2026-08-21,Flour,Friday,86.8,0.0,17.0,69.8,175
2026-08-22,Flour,Saturday,69.8,0.0,17.6,52.2,172
2026-08-23,Flour,Sunday,52.2,0.0,13.5,38.7,123
2026-08-24,Flour,Monday,38.7,57.6,13.1,83.2,119
2026-08-25,Flour,Tuesday,83.2,0.0,10.9,72.3,105
2026-08-26,Flour,Wednesday,72.3,0.0,10.5,61.8,112
2026-08-27,Flour,Thursday,61.8,42.8,14.0,90.6,132
2026-08-28,Flour,Friday,90.6,0.0,18.8,71.8,202
2026-08-29,Flour,Saturday,71.8,0.0,20.8,51.0,188
2026-08-30,Flour,Sunday,51.0,0.0,13.6,37.4,126
2026-08-31,Flour,Monday,37.4,59.9,11.3,86.0,111
2026-09-01,Flour,Tuesday,86.0,0.0,9.4,76.6,94
2026-09-02,Flour,Wednesday,76.6,0.0,8.4,68.2,90
2026-09-03,Flour,Thursday,68.2,34.2,12.2,90.2,114
2026-09-04,Flour,Friday,90.2,0.0,14.8,75.4,153
2026-09-05,Flour,Saturday,75.4,0.0,19.5,55.9,182
2026-09-06,Flour,Sunday,55.9,0.0,12.1,43.8,123
2026-09-07,Flour,Monday,43.8,58.3,9.9,92.2,98
2026-09-08,Flour,Tuesday,92.2,0.0,12.8,79.4,122
2026-09-09,Flour,Wednesday,79.4,0.0,9.5,69.9,92
2026-09-10,Flour,Thursday,69.9,33.9,11.1,92.7,121
2026-09-11,Flour,Friday,92.7,0.0,15.9,76.8,172
2026-09-12,Flour,Saturday,76.8,0.0,18.3,58.5,195
2026-09-13,Flour,Sunday,58.5,0.0,14.1,44.4,151
2026-09-14,Flour,Monday,44.4,58.5,11.2,91.7,113
2026-09-15,Flour,Tuesday,91.7,0.0,10.2,81.5,99
2026-09-16,Flour,Wednesday,81.5,0.0,11.1,70.4,111
2026-09-17,Flour,Thursday,70.4,31.8,13.9,88.3,146
2026-09-18,Flour,Friday,88.3,0.0,17.2,71.1,157
2026-09-19,Flour,Saturday,71.1,0.0,17.7,53.4,167
2026-09-20,Flour,Sunday,53.4,0.0,13.8,39.6,150
2026-09-21,Flour,Monday,39.6,59.5,10.1,89.0,93
2026-09-22,Flour,Tuesday,89.0,0.0,9.7,79.3,94
2026-09-23,Flour,Wednesday,79.3,0.0,10.8,68.5,107
2026-07-13,Bell Peppers,Monday,42.5,0.0,5.2,37.3,57
2026-07-14,Bell Peppers,Tuesday,37.3,0.0,3.3,34.0,31
2026-07-15,Bell Peppers,Wednesday,34.0,0.0,4.0,30.0,37
2026-07-16,Bell Peppers,Thursday,30.0,11.7,5.0,36.7,49
2026-07-17,Bell Peppers,Friday,36.7,0.0,6.9,29.8,70
2026-07-18,Bell Peppers,Saturday,29.8,0.0,7.2,22.6,68
2026-07-19,Bell Peppers,Sunday,22.6,0.0,6.6,16.0,68
2026-07-20,Bell Peppers,Monday,16.0,23.9,4.7,35.2,43
2026-07-21,Bell Peppers,Tuesday,35.2,0.0,4.5,30.7,44
2026-07-22,Bell Peppers,Wednesday,30.7,0.0,4.5,26.2,48
2026-07-23,Bell Peppers,Thursday,26.2,15.4,4.3,37.3,40
2026-07-24,Bell Peppers,Friday,37.3,0.0,6.6,30.7,60
2026-07-25,Bell Peppers,Saturday,30.7,0.0,8.2,22.5,76
2026-07-26,Bell Peppers,Sunday,22.5,0.0,6.0,16.5,61
2026-07-27,Bell Peppers,Monday,16.5,29.8,4.1,42.2,39
2026-07-28,Bell Peppers,Tuesday,42.2,0.0,4.2,38.0,43
2026-07-29,Bell Peppers,Wednesday,38.0,0.0,4.4,33.6,48
2026-07-30,Bell Peppers,Thursday,33.6,9.7,3.7,39.6,35
2026-07-31,Bell Peppers,Friday,39.6,0.0,6.7,32.9,63
2026-08-01,Bell Peppers,Saturday,32.9,0.0,9.8,23.1,99
2026-08-02,Bell Peppers,Sunday,23.1,0.0,6.2,16.9,59
2026-08-03,Bell Peppers,Monday,16.9,23.7,4.2,36.4,45
2026-08-04,Bell Peppers,Tuesday,36.4,0.0,4.5,31.9,48
2026-08-05,Bell Peppers,Wednesday,31.9,0.0,4.0,27.9,42
2026-08-06,Bell Peppers,Thursday,27.9,13.6,5.9,35.6,65
2026-08-07,Bell Peppers,Friday,35.6,0.0,5.9,29.7,61
2026-08-08,Bell Peppers,Saturday,29.7,0.0,8.8,20.9,88
2026-08-09,Bell Peppers,Sunday,20.9,0.0,7.0,13.9,66
2026-08-10,Bell Peppers,Monday,13.9,25.9,4.3,35.5,44
2026-08-11,Bell Peppers,Tuesday,35.5,0.0,4.0,31.5,37
2026-08-12,Bell Peppers,Wednesday,31.5,0.0,5.0,26.5,51
2026-08-13,Bell Peppers,Thursday,26.5,16.1,4.7,37.9,49
2026-08-14,Bell Peppers,Friday,37.9,0.0,6.1,31.8,67
2026-08-15,Bell Peppers,Saturday,31.8,0.0,7.7,24.1,83
2026-08-16,Bell Peppers,Sunday,24.1,0.0,5.1,19.0,51
2026-08-17,Bell Peppers,Monday,19.0,21.7,5.0,35.7,45
2026-08-18,Bell Peppers,Tuesday,35.7,0.0,4.2,31.5,40
2026-08-19,Bell Peppers,Wednesday,31.5,0.0,4.8,26.7,51
2026-08-20,Bell Peppers,Thursday,26.7,14.6,6.3,35.0,62
2026-08-21,Bell Peppers,Friday,35.0,0.0,7.3,27.7,72
2026-08-22,Bell Peppers,Saturday,27.7,0.0,7.2,20.5,77
2026-08-23,Bell Peppers,Sunday,20.5,0.0,5.4,15.1,57
2026-08-24,Bell Peppers,Monday,15.1,29.0,3.6,40.5,35
2026-08-25,Bell Peppers,Tuesday,40.5,0.0,4.5,36.0,41
2026-08-26,Bell Peppers,Wednesday,36.0,0.0,5.3,30.7,58
2026-08-27,Bell Peppers,Thursday,30.7,13.1,5.7,38.1,52
2026-08-28,Bell Peppers,Friday,38.1,0.0,6.8,31.3,62
2026-08-29,Bell Peppers,Saturday,31.3,0.0,7.9,23.4,78
2026-08-30,Bell Peppers,Sunday,23.4,0.0,6.2,17.2,66
2026-08-31,Bell Peppers,Monday,17.2,23.1,4.6,35.7,44
2026-09-01,Bell Peppers,Tuesday,35.7,0.0,4.2,31.5,46
2026-09-02,Bell Peppers,Wednesday,31.5,0.0,4.2,27.3,39
2026-09-03,Bell Peppers,Thursday,27.3,15.7,5.0,38.0,53
2026-09-04,Bell Peppers,Friday,38.0,0.0,8.5,29.5,82
2026-09-05,Bell Peppers,Saturday,29.5,0.0,9.1,20.4,84
2026-09-06,Bell Peppers,Sunday,20.4,0.0,5.2,15.2,48
2026-09-07,Bell Peppers,Monday,15.2,26.6,3.6,38.2,34
2026-09-08,Bell Peppers,Tuesday,38.2,0.0,3.5,34.7,38
2026-09-09,Bell Peppers,Wednesday,34.7,0.0,3.6,31.1,38
2026-09-10,Bell Peppers,Thursday,31.1,12.7,4.5,39.3,47
2026-09-11,Bell Peppers,Friday,39.3,0.0,8.1,31.2,89
2026-09-12,Bell Peppers,Saturday,31.2,0.0,7.8,23.4,73
2026-09-13,Bell Peppers,Sunday,23.4,0.0,5.2,18.2,51
2026-09-14,Bell Peppers,Monday,18.2,26.4,4.9,39.7,52
2026-09-15,Bell Peppers,Tuesday,39.7,0.0,4.3,35.4,44
2026-09-16,Bell Peppers,Wednesday,35.4,0.0,4.8,30.6,46
2026-09-17,Bell Peppers,Thursday,30.6,11.1,4.0,37.7,38
2026-09-18,Bell Peppers,Friday,37.7,0.0,6.7,31.0,68
2026-09-19,Bell Peppers,Saturday,31.0,0.0,10.3,20.7,100
2026-09-20,Bell Peppers,Sunday,20.7,0.0,7.3,13.4,72
2026-09-21,Bell Peppers,Monday,13.4,0.0,5.6,7.8,46
2026-09-22,Bell Peppers,Tuesday,7.8,0.0,5.3,2.5,42
2026-09-23,Bell Peppers,Wednesday,2.5,0.0,5.6,0.0,53
2026-07-13,Salmon,Monday,34.0,0.0,3.6,30.4,33
2026-07-14,Salmon,Tuesday,30.4,0.0,3.5,26.9,36
2026-07-15,Salmon,Wednesday,26.9,0.0,3.5,23.4,33
2026-07-16,Salmon,Thursday,23.4,11.3,3.3,31.4,31
2026-07-17,Salmon,Friday,31.4,0.0,6.5,24.9,67
2026-07-18,Salmon,Saturday,24.9,0.0,5.9,19.0,58
2026-07-19,Salmon,Sunday,19.0,0.0,5.2,13.8,48
2026-07-20,Salmon,Monday,13.8,19.7,3.4,30.1,34
2026-07-21,Salmon,Tuesday,30.1,0.0,2.9,27.2,28
2026-07-22,Salmon,Wednesday,27.2,0.0,3.4,23.8,34
2026-07-23,Salmon,Thursday,23.8,10.7,4.0,30.5,43
2026-07-24,Salmon,Friday,30.5,0.0,5.3,25.2,52
2026-07-25,Salmon,Saturday,25.2,0.0,6.6,18.6,69
2026-07-26,Salmon,Sunday,18.6,0.0,4.5,14.1,41
2026-07-27,Salmon,Monday,14.1,20.4,3.6,30.9,36
2026-07-28,Salmon,Tuesday,30.9,0.0,3.2,27.7,31
2026-07-29,Salmon,Wednesday,27.7,0.0,3.3,24.4,35
2026-07-30,Salmon,Thursday,24.4,10.7,4.4,30.7,42
2026-07-31,Salmon,Friday,30.7,0.0,5.2,25.5,56
2026-08-01,Salmon,Saturday,25.5,0.0,6.2,19.3,57
2026-08-02,Salmon,Sunday,19.3,0.0,4.2,15.1,41
2026-08-03,Salmon,Monday,15.1,20.9,4.0,32.0,39
2026-08-04,Salmon,Tuesday,32.0,0.0,3.1,28.9,30
2026-08-05,Salmon,Wednesday,28.9,0.0,4.7,24.2,48
2026-08-06,Salmon,Thursday,24.2,9.2,3.7,29.7,36
2026-08-07,Salmon,Friday,29.7,0.0,5.9,23.8,62
2026-08-08,Salmon,Saturday,23.8,0.0,5.9,17.9,63
2026-08-09,Salmon,Sunday,17.9,0.0,4.4,13.5,48
2026-08-10,Salmon,Monday,13.5,19.0,3.6,28.9,34
2026-08-11,Salmon,Tuesday,28.9,0.0,3.4,25.5,35
2026-08-12,Salmon,Wednesday,25.5,0.0,3.4,22.1,37
2026-08-13,Salmon,Thursday,22.1,13.3,3.6,31.8,33
2026-08-14,Salmon,Friday,31.8,0.0,5.7,26.1,54
2026-08-15,Salmon,Saturday,26.1,0.0,6.7,19.4,66
2026-08-16,Salmon,Sunday,19.4,0.0,4.5,14.9,48
2026-08-17,Salmon,Monday,14.9,20.9,3.1,32.7,29
2026-08-18,Salmon,Tuesday,32.7,0.0,4.5,28.2,43
2026-08-19,Salmon,Wednesday,28.2,0.0,3.7,24.5,36
2026-08-20,Salmon,Thursday,24.5,10.0,4.4,30.1,46
2026-08-21,Salmon,Friday,30.1,0.0,5.6,24.5,57
2026-08-22,Salmon,Saturday,24.5,0.0,7.8,16.7,74
2026-08-23,Salmon,Sunday,16.7,0.0,5.2,11.5,56
2026-08-24,Salmon,Monday,11.5,20.4,3.6,28.3,34
2026-08-25,Salmon,Tuesday,28.3,0.0,3.1,25.2,30
2026-08-26,Salmon,Wednesday,25.2,0.0,3.1,22.1,30
2026-08-27,Salmon,Thursday,22.1,12.9,3.2,31.8,29
2026-08-28,Salmon,Friday,31.8,0.0,5.5,26.3,60
2026-08-29,Salmon,Saturday,26.3,0.0,7.0,19.3,69
2026-08-30,Salmon,Sunday,19.3,0.0,4.8,14.5,46
2026-08-31,Salmon,Monday,14.5,19.6,3.1,31.0,31
2026-09-01,Salmon,Tuesday,31.0,0.0,3.6,27.4,33
2026-09-02,Salmon,Wednesday,27.4,0.0,3.5,23.9,35
2026-09-03,Salmon,Thursday,23.9,10.8,4.7,30.0,51
2026-09-04,Salmon,Friday,30.0,0.0,5.4,24.6,50
2026-09-05,Salmon,Saturday,24.6,0.0,6.1,18.5,67
2026-09-06,Salmon,Sunday,18.5,0.0,5.5,13.0,51
2026-09-07,Salmon,Monday,13.0,23.8,3.4,33.4,31
2026-09-08,Salmon,Tuesday,33.4,0.0,3.3,30.1,34
2026-09-09,Salmon,Wednesday,30.1,0.0,4.0,26.1,41
2026-09-10,Salmon,Thursday,26.1,7.1,3.9,29.3,41
2026-09-11,Salmon,Friday,29.3,0.0,4.7,24.6,47
2026-09-12,Salmon,Saturday,24.6,0.0,5.8,18.8,57
2026-09-13,Salmon,Sunday,18.8,0.0,3.8,15.0,35
2026-09-14,Salmon,Monday,15.0,19.8,4.2,30.6,46
2026-09-15,Salmon,Tuesday,30.6,0.0,3.0,27.6,31
2026-09-16,Salmon,Wednesday,27.6,0.0,3.5,24.1,35
2026-09-17,Salmon,Thursday,24.1,9.5,4.1,29.5,39
2026-09-18,Salmon,Friday,29.5,0.0,6.1,23.4,60
2026-09-19,Salmon,Saturday,23.4,0.0,5.0,18.4,49
2026-09-20,Salmon,Sunday,18.4,0.0,5.0,13.4,55
2026-09-21,Salmon,Monday,13.4,0.0,4.5,8.9,38
2026-09-22,Salmon,Tuesday,8.9,0.0,4.2,4.7,28
2026-09-23,Salmon,Wednesday,4.7,0.0,4.5,0.2,36
2026-07-13,Black Beans,Monday,51.0,0.0,5.5,45.5,58
2026-07-14,Black Beans,Tuesday,45.5,0.0,4.2,41.3,40
2026-07-15,Black Beans,Wednesday,41.3,0.0,4.4,36.9,42
2026-07-16,Black Beans,Thursday,36.9,15.4,6.9,45.4,66
2026-07-17,Black Beans,Friday,45.4,0.0,6.7,38.7,69
2026-07-18,Black Beans,Saturday,38.7,0.0,9.7,29.0,91
2026-07-19,Black Beans,Sunday,29.0,0.0,7.0,22.0,70
2026-07-20,Black Beans,Monday,22.0,30.8,5.0,47.8,46
2026-07-21,Black Beans,Tuesday,47.8,0.0,4.7,43.1,48
2026-07-22,Black Beans,Wednesday,43.1,0.0,6.0,37.1,66
2026-07-23,Black Beans,Thursday,37.1,12.6,6.7,43.0,61
2026-07-24,Black Beans,Friday,43.0,0.0,9.7,33.3,99
2026-07-25,Black Beans,Saturday,33.3,0.0,8.6,24.7,81
2026-07-26,Black Beans,Sunday,24.7,0.0,4.3,20.4,41
2026-07-27,Black Beans,Monday,20.4,35.0,5.2,50.2,49
2026-07-28,Black Beans,Tuesday,50.2,0.0,5.6,44.6,56
2026-07-29,Black Beans,Wednesday,44.6,0.0,6.3,38.3,67
2026-07-30,Black Beans,Thursday,38.3,13.8,6.8,45.3,72
2026-07-31,Black Beans,Friday,45.3,0.0,8.1,37.2,85
2026-08-01,Black Beans,Saturday,37.2,0.0,9.2,28.0,93
2026-08-02,Black Beans,Sunday,28.0,0.0,7.5,20.5,76
2026-08-03,Black Beans,Monday,20.5,28.9,6.4,43.0,69
2026-08-04,Black Beans,Tuesday,43.0,0.0,5.6,37.4,61
2026-08-05,Black Beans,Wednesday,37.4,0.0,5.9,31.5,58
2026-08-06,Black Beans,Thursday,31.5,19.3,5.3,45.5,53
2026-08-07,Black Beans,Friday,45.5,0.0,5.9,39.6,60
2026-08-08,Black Beans,Saturday,39.6,0.0,8.2,31.4,86
2026-08-09,Black Beans,Sunday,31.4,0.0,7.2,24.2,66
2026-08-10,Black Beans,Monday,24.2,29.7,5.1,48.8,48
2026-08-11,Black Beans,Tuesday,48.8,0.0,4.3,44.5,46
2026-08-12,Black Beans,Wednesday,44.5,0.0,6.5,38.0,62
2026-08-13,Black Beans,Thursday,38.0,14.9,6.5,46.4,67
2026-08-14,Black Beans,Friday,46.4,0.0,9.7,36.7,101
2026-08-15,Black Beans,Saturday,36.7,0.0,9.5,27.2,104
2026-08-16,Black Beans,Sunday,27.2,0.0,7.1,20.1,75
2026-08-17,Black Beans,Monday,20.1,28.3,5.8,42.6,61
2026-08-18,Black Beans,Tuesday,42.6,0.0,5.5,37.1,58
2026-08-19,Black Beans,Wednesday,37.1,0.0,6.3,30.8,64
2026-08-20,Black Beans,Thursday,30.8,20.7,6.3,45.2,58
2026-08-21,Black Beans,Friday,45.2,0.0,8.4,36.8,76
2026-08-22,Black Beans,Saturday,36.8,0.0,8.8,28.0,89
2026-08-23,Black Beans,Sunday,28.0,0.0,5.1,22.9,47
2026-08-24,Black Beans,Monday,22.9,30.6,5.8,47.7,60
2026-08-25,Black Beans,Tuesday,47.7,0.0,5.1,42.6,51
2026-08-26,Black Beans,Wednesday,42.6,0.0,5.9,36.7,58
2026-08-27,Black Beans,Thursday,36.7,14.6,6.7,44.6,62
2026-08-28,Black Beans,Friday,44.6,0.0,8.7,35.9,84
2026-08-29,Black Beans,Saturday,35.9,0.0,7.2,28.7,78
2026-08-30,Black Beans,Sunday,28.7,0.0,7.1,21.6,72
2026-08-31,Black Beans,Monday,21.6,28.1,5.2,44.5,56
2026-09-01,Black Beans,Tuesday,44.5,0.0,4.5,40.0,48
2026-09-02,Black Beans,Wednesday,40.0,0.0,5.5,34.5,52
2026-09-03,Black Beans,Thursday,34.5,17.9,7.3,45.1,76
2026-09-04,Black Beans,Friday,45.1,0.0,9.1,36.0,97
2026-09-05,Black Beans,Saturday,36.0,0.0,8.8,27.2,89
2026-09-06,Black Beans,Sunday,27.2,0.0,7.4,19.8,74
2026-09-07,Black Beans,Monday,19.8,34.1,5.3,48.6,52
2026-09-08,Black Beans,Tuesday,48.6,0.0,4.4,44.2,43
2026-09-09,Black Beans,Wednesday,44.2,0.0,7.1,37.1,75
2026-09-10,Black Beans,Thursday,37.1,15.5,5.3,47.3,51
2026-09-11,Black Beans,Friday,47.3,0.0,7.5,39.8,80
2026-09-12,Black Beans,Saturday,39.8,0.0,8.3,31.5,90
2026-09-13,Black Beans,Sunday,31.5,0.0,7.7,23.8,78
2026-09-14,Black Beans,Monday,23.8,31.0,5.1,49.7,52
2026-09-15,Black Beans,Tuesday,49.7,0.0,5.2,44.5,50
2026-09-16,Black Beans,Wednesday,44.5,0.0,6.0,38.5,64
2026-09-17,Black Beans,Thursday,38.5,12.9,6.8,44.6,66
2026-09-18,Black Beans,Friday,44.6,0.0,7.8,36.8,78
2026-09-19,Black Beans,Saturday,36.8,0.0,9.3,27.5,85
2026-09-20,Black Beans,Sunday,27.5,0.0,7.4,20.1,80
2026-09-21,Black Beans,Monday,20.1,31.5,5.2,46.4,55
2026-09-22,Black Beans,Tuesday,46.4,0.0,4.8,41.6,53
2026-09-23,Black Beans,Wednesday,41.6,0.0,5.0,36.6,55
